{
    "users": [
      {
        "userId": 1,
        "firstName": "Krish",
        "lastName": "Lee",
        "phoneNumber": "123456",
        "emailAddress": "krish.lee@learningcontainer.com",
        "sports": ["football", "basketball"]
      },
      {
        "userId": 2,
        "firstName": "Racks",
        "lastName": "Jacson",
        "phoneNumber": "123456",
        "emailAddress": "racks.jacson@learningcontainer.com",
        "sports": ["basketball", "volley"]
      },
      {
        "userId": 3,
        "firstName": "Denial",
        "lastName": "Roast",
        "phoneNumber": "33333333",
        "emailAddress": "denial.roast@learningcontainer.com",
        "sports": ["football", "volley"]
      },
      {
        "userId": 4,
        "firstName": "Devid",
        "lastName": "Neo",
        "phoneNumber": "222222222",
        "emailAddress": "devid.neo@learningcontainer.com",
        "sports": ["hockey", "tennis", "volley"]
      },
      {
        "userId": 5,
        "firstName": "Jone",
        "lastName": "Mac",
        "phoneNumber": "111111111",
        "emailAddress": "jone.mac@learningcontainer.com",
        "sports": ["tennis"]
      }
    ]
  }